"image_path","ocr_path","character_count","line_count","status"
"doubao/BHYY-GEO-DX-001_doubao_B01_R0_20260825.jpeg","doubao/BHYY-GEO-DX-001_doubao_B01_R0_20260825.txt","457","System.Object[]","completed"
"doubao/BHYY-GEO-DX-001_doubao_B02_R0_20260825.jpeg","doubao/BHYY-GEO-DX-001_doubao_B02_R0_20260825.txt","704","System.Object[]","completed"
"doubao/BHYY-GEO-DX-001_doubao_B03_R0_20260825.jpeg","doubao/BHYY-GEO-DX-001_doubao_B03_R0_20260825.txt","776","System.Object[]","completed"
"doubao/BHYY-GEO-DX-001_doubao_B04_R0_20260825.jpeg","doubao/BHYY-GEO-DX-001_doubao_B04_R0_20260825.txt","1871","System.Object[]","completed"
"doubao/BHYY-GEO-DX-001_doubao_Q01_R1_20260824.jpeg","doubao/BHYY-GEO-DX-001_doubao_Q01_R1_20260824.txt","1529","System.Object[]","completed"
"doubao/BHYY-GEO-DX-001_doubao_Q01_R2_20260825.jpeg","doubao/BHYY-GEO-DX-001_doubao_Q01_R2_20260825.txt","1589","System.Object[]","completed"
"doubao/BHYY-GEO-DX-001_doubao_Q01_R3_20260825.jpeg","doubao/BHYY-GEO-DX-001_doubao_Q01_R3_20260825.txt","1479","System.Object[]","completed"
"doubao/BHYY-GEO-DX-001_doubao_Q01_R4_20260825.jpeg","doubao/BHYY-GEO-DX-001_doubao_Q01_R4_20260825.txt","1951","System.Object[]","completed"
"doubao/BHYY-GEO-DX-001_doubao_Q01_R5_20260825.jpeg","doubao/BHYY-GEO-DX-001_doubao_Q01_R5_20260825.txt","1686","System.Object[]","completed"
"doubao/BHYY-GEO-DX-001_doubao_Q02_R1_20260824.jpeg","doubao/BHYY-GEO-DX-001_doubao_Q02_R1_20260824.txt","2408","System.Object[]","completed"
"doubao/BHYY-GEO-DX-001_doubao_Q02_R2_20260825.jpeg","doubao/BHYY-GEO-DX-001_doubao_Q02_R2_20260825.txt","2513","System.Object[]","completed"
"doubao/BHYY-GEO-DX-001_doubao_Q02_R3_20260825.jpeg","doubao/BHYY-GEO-DX-001_doubao_Q02_R3_20260825.txt","2574","System.Object[]","completed"
"doubao/BHYY-GEO-DX-001_doubao_Q02_R4_20260825.jpeg","doubao/BHYY-GEO-DX-001_doubao_Q02_R4_20260825.txt","2746","System.Object[]","completed"
"doubao/BHYY-GEO-DX-001_doubao_Q02_R5_20260825.jpeg","doubao/BHYY-GEO-DX-001_doubao_Q02_R5_20260825.txt","2610","System.Object[]","completed"
"doubao/BHYY-GEO-DX-001_doubao_Q03_R1_20260824.jpeg","doubao/BHYY-GEO-DX-001_doubao_Q03_R1_20260824.txt","2018","System.Object[]","completed"
"doubao/BHYY-GEO-DX-001_doubao_Q03_R2_20260825.jpeg","doubao/BHYY-GEO-DX-001_doubao_Q03_R2_20260825.txt","1752","System.Object[]","completed"
"doubao/BHYY-GEO-DX-001_doubao_Q03_R3_20260825.jpeg","doubao/BHYY-GEO-DX-001_doubao_Q03_R3_20260825.txt","1768","System.Object[]","completed"
"doubao/BHYY-GEO-DX-001_doubao_Q03_R4_20260825.jpeg","doubao/BHYY-GEO-DX-001_doubao_Q03_R4_20260825.txt","2152","System.Object[]","completed"
"doubao/BHYY-GEO-DX-001_doubao_Q03_R5_20260825.jpeg","doubao/BHYY-GEO-DX-001_doubao_Q03_R5_20260825.txt","2445","System.Object[]","completed"
"doubao/BHYY-GEO-DX-001_doubao_Q04_R1_20260824.jpeg","doubao/BHYY-GEO-DX-001_doubao_Q04_R1_20260824.txt","1503","System.Object[]","completed"
"doubao/BHYY-GEO-DX-001_doubao_Q04_R2_20260825.jpeg","doubao/BHYY-GEO-DX-001_doubao_Q04_R2_20260825.txt","1421","System.Object[]","completed"
"doubao/BHYY-GEO-DX-001_doubao_Q04_R3_20260825.jpeg","doubao/BHYY-GEO-DX-001_doubao_Q04_R3_20260825.txt","1485","System.Object[]","completed"
"doubao/BHYY-GEO-DX-001_doubao_Q04_R4_20260825.jpeg","doubao/BHYY-GEO-DX-001_doubao_Q04_R4_20260825.txt","2085","System.Object[]","completed"
"doubao/BHYY-GEO-DX-001_doubao_Q04_R5_20260825.jpeg","doubao/BHYY-GEO-DX-001_doubao_Q04_R5_20260825.txt","1896","System.Object[]","completed"
"doubao/BHYY-GEO-DX-001_doubao_Q05_R1_20260824.jpeg","doubao/BHYY-GEO-DX-001_doubao_Q05_R1_20260824.txt","1637","System.Object[]","completed"
"doubao/BHYY-GEO-DX-001_doubao_Q05_R2_20260825.jpeg","doubao/BHYY-GEO-DX-001_doubao_Q05_R2_20260825.txt","1678","System.Object[]","completed"
"doubao/BHYY-GEO-DX-001_doubao_Q05_R3_20260825.jpeg","doubao/BHYY-GEO-DX-001_doubao_Q05_R3_20260825.txt","1785","System.Object[]","completed"
"doubao/BHYY-GEO-DX-001_doubao_Q05_R4_20260825.jpeg","doubao/BHYY-GEO-DX-001_doubao_Q05_R4_20260825.txt","1667","System.Object[]","completed"
"doubao/BHYY-GEO-DX-001_doubao_Q05_R5_20260825.jpeg","doubao/BHYY-GEO-DX-001_doubao_Q05_R5_20260825.txt","1717","System.Object[]","completed"
"doubao/BHYY-GEO-DX-001_doubao_S01_R0_20260825.jpeg","doubao/BHYY-GEO-DX-001_doubao_S01_R0_20260825.txt","1448","System.Object[]","completed"
"doubao/BHYY-GEO-DX-001_doubao_S02_R0_20260825.jpeg","doubao/BHYY-GEO-DX-001_doubao_S02_R0_20260825.txt","1030","System.Object[]","completed"
"doubao/BHYY-GEO-DX-001_doubao_S03_R0_20260825.jpeg","doubao/BHYY-GEO-DX-001_doubao_S03_R0_20260825.txt","208","System.Object[]","completed"
"doubao/BHYY-GEO-DX-001_doubao_S04_R0_20260825.jpeg","doubao/BHYY-GEO-DX-001_doubao_S04_R0_20260825.txt","1050","System.Object[]","completed"
"ds/BHYY-GEO-DX-001_ds_B01_R0_20260825.png","ds/BHYY-GEO-DX-001_ds_B01_R0_20260825.txt","421","System.Object[]","completed"
"ds/BHYY-GEO-DX-001_ds_B02_R0_20260825.png","ds/BHYY-GEO-DX-001_ds_B02_R0_20260825.txt","367","System.Object[]","completed"
"ds/BHYY-GEO-DX-001_ds_B03_R0_20260825.png","ds/BHYY-GEO-DX-001_ds_B03_R0_20260825.txt","781","System.Object[]","completed"
"ds/BHYY-GEO-DX-001_ds_B04_R0_20260825.png","ds/BHYY-GEO-DX-001_ds_B04_R0_20260825.txt","609","System.Object[]","completed"
"ds/BHYY-GEO-DX-001_ds_Q01_R1_20260824.png","ds/BHYY-GEO-DX-001_ds_Q01_R1_20260824.txt","1636","System.Object[]","completed"
"ds/BHYY-GEO-DX-001_ds_Q01_R2_20260825_01.png","ds/BHYY-GEO-DX-001_ds_Q01_R2_20260825_01.txt","1075","System.Object[]","completed"
"ds/BHYY-GEO-DX-001_ds_Q01_R3_20260825.png","ds/BHYY-GEO-DX-001_ds_Q01_R3_20260825.txt","1352","System.Object[]","completed"
"ds/BHYY-GEO-DX-001_ds_Q01_R4_20260825.png","ds/BHYY-GEO-DX-001_ds_Q01_R4_20260825.txt","1834","System.Object[]","completed"
"ds/BHYY-GEO-DX-001_ds_Q01_R5_20260825.png","ds/BHYY-GEO-DX-001_ds_Q01_R5_20260825.txt","1178","System.Object[]","completed"
"ds/BHYY-GEO-DX-001_ds_Q02_R1_20260824.png","ds/BHYY-GEO-DX-001_ds_Q02_R1_20260824.txt","1417","System.Object[]","completed"
"ds/BHYY-GEO-DX-001_ds_Q02_R2_20260825.png","ds/BHYY-GEO-DX-001_ds_Q02_R2_20260825.txt","1504","System.Object[]","completed"
"ds/BHYY-GEO-DX-001_ds_Q02_R3_20260825.png","ds/BHYY-GEO-DX-001_ds_Q02_R3_20260825.txt","1738","System.Object[]","completed"
"ds/BHYY-GEO-DX-001_ds_Q02_R4_20260825.png","ds/BHYY-GEO-DX-001_ds_Q02_R4_20260825.txt","1574","System.Object[]","completed"
"ds/BHYY-GEO-DX-001_ds_Q02_R5_20260825.png","ds/BHYY-GEO-DX-001_ds_Q02_R5_20260825.txt","1823","System.Object[]","completed"
"ds/BHYY-GEO-DX-001_ds_Q03_R1_20260824.png","ds/BHYY-GEO-DX-001_ds_Q03_R1_20260824.txt","1253","System.Object[]","completed"
"ds/BHYY-GEO-DX-001_ds_Q03_R2_20260825.png","ds/BHYY-GEO-DX-001_ds_Q03_R2_20260825.txt","1389","System.Object[]","completed"
"ds/BHYY-GEO-DX-001_ds_Q03_R3_20260825.png","ds/BHYY-GEO-DX-001_ds_Q03_R3_20260825.txt","957","System.Object[]","completed"
"ds/BHYY-GEO-DX-001_ds_Q03_R4_20260825.png","ds/BHYY-GEO-DX-001_ds_Q03_R4_20260825.txt","1382","System.Object[]","completed"
"ds/BHYY-GEO-DX-001_ds_Q03_R5_20260825.png","ds/BHYY-GEO-DX-001_ds_Q03_R5_20260825.txt","1340","System.Object[]","completed"
"ds/BHYY-GEO-DX-001_ds_Q04_R1_20260824.png","ds/BHYY-GEO-DX-001_ds_Q04_R1_20260824.txt","1224","System.Object[]","completed"
"ds/BHYY-GEO-DX-001_ds_Q04_R2_20260825.png","ds/BHYY-GEO-DX-001_ds_Q04_R2_20260825.txt","955","System.Object[]","completed"
"ds/BHYY-GEO-DX-001_ds_Q04_R3_20260825.png","ds/BHYY-GEO-DX-001_ds_Q04_R3_20260825.txt","975","System.Object[]","completed"
"ds/BHYY-GEO-DX-001_ds_Q04_R4_20260825.png","ds/BHYY-GEO-DX-001_ds_Q04_R4_20260825.txt","1231","System.Object[]","completed"
"ds/BHYY-GEO-DX-001_ds_Q04_R5_20260825.png","ds/BHYY-GEO-DX-001_ds_Q04_R5_20260825.txt","1426","System.Object[]","completed"
"ds/BHYY-GEO-DX-001_ds_Q05_R1_20260824.png","ds/BHYY-GEO-DX-001_ds_Q05_R1_20260824.txt","1440","System.Object[]","completed"
"ds/BHYY-GEO-DX-001_ds_Q05_R2_20260825.png","ds/BHYY-GEO-DX-001_ds_Q05_R2_20260825.txt","965","System.Object[]","completed"
"ds/BHYY-GEO-DX-001_ds_Q05_R3_20260825.png","ds/BHYY-GEO-DX-001_ds_Q05_R3_20260825.txt","931","System.Object[]","completed"
"ds/BHYY-GEO-DX-001_ds_Q05_R4_20260825.png","ds/BHYY-GEO-DX-001_ds_Q05_R4_20260825.txt","1446","System.Object[]","completed"
"ds/BHYY-GEO-DX-001_ds_Q05_R5_20260825.png","ds/BHYY-GEO-DX-001_ds_Q05_R5_20260825.txt","976","System.Object[]","completed"
"ds/BHYY-GEO-DX-001_ds_S01_R0_20260825.png","ds/BHYY-GEO-DX-001_ds_S01_R0_20260825.txt","1134","System.Object[]","completed"
"ds/BHYY-GEO-DX-001_ds_S02_R0_20260825.png","ds/BHYY-GEO-DX-001_ds_S02_R0_20260825.txt","1076","System.Object[]","completed"
"ds/BHYY-GEO-DX-001_ds_S03_R0_20260825.png","ds/BHYY-GEO-DX-001_ds_S03_R0_20260825.txt","483","System.Object[]","completed"
"ds/BHYY-GEO-DX-001_ds_S04_R0_20260825.png","ds/BHYY-GEO-DX-001_ds_S04_R0_20260825.txt","1154","System.Object[]","completed"
"tongyi/BHYY-GEO-DX-001_tongyi_B01_R0_20260825.jpg","tongyi/BHYY-GEO-DX-001_tongyi_B01_R0_20260825.txt","519","System.Object[]","completed"
"tongyi/BHYY-GEO-DX-001_tongyi_B02_R0_20260825.jpg","tongyi/BHYY-GEO-DX-001_tongyi_B02_R0_20260825.txt","743","System.Object[]","completed"
"tongyi/BHYY-GEO-DX-001_tongyi_B03_R0_20260825.jpg","tongyi/BHYY-GEO-DX-001_tongyi_B03_R0_20260825.txt","925","System.Object[]","completed"
"tongyi/BHYY-GEO-DX-001_tongyi_B04_R0_20260825.jpg","tongyi/BHYY-GEO-DX-001_tongyi_B04_R0_20260825.txt","1948","System.Object[]","completed"
"tongyi/BHYY-GEO-DX-001_tongyi_Q01_R1_20260824.jpg","tongyi/BHYY-GEO-DX-001_tongyi_Q01_R1_20260824.txt","1669","System.Object[]","completed"
"tongyi/BHYY-GEO-DX-001_tongyi_Q01_R2_20260825.jpg","tongyi/BHYY-GEO-DX-001_tongyi_Q01_R2_20260825.txt","1737","System.Object[]","completed"
"tongyi/BHYY-GEO-DX-001_tongyi_Q01_R3_20260825.jpg","tongyi/BHYY-GEO-DX-001_tongyi_Q01_R3_20260825.txt","1799","System.Object[]","completed"
"tongyi/BHYY-GEO-DX-001_tongyi_Q01_R4_20260825.jpg","tongyi/BHYY-GEO-DX-001_tongyi_Q01_R4_20260825.txt","1652","System.Object[]","completed"
"tongyi/BHYY-GEO-DX-001_tongyi_Q01_R5_20260825.jpg","tongyi/BHYY-GEO-DX-001_tongyi_Q01_R5_20260825.txt","1857","System.Object[]","completed"
"tongyi/BHYY-GEO-DX-001_tongyi_Q02_R1_20260824.jpg","tongyi/BHYY-GEO-DX-001_tongyi_Q02_R1_20260824.txt","1797","System.Object[]","completed"
"tongyi/BHYY-GEO-DX-001_tongyi_Q02_R2_20260825.jpg","tongyi/BHYY-GEO-DX-001_tongyi_Q02_R2_20260825.txt","1607","System.Object[]","completed"
"tongyi/BHYY-GEO-DX-001_tongyi_Q02_R3_20260825.jpg","tongyi/BHYY-GEO-DX-001_tongyi_Q02_R3_20260825.txt","1826","System.Object[]","completed"
"tongyi/BHYY-GEO-DX-001_tongyi_Q02_R4_20260825.jpg","tongyi/BHYY-GEO-DX-001_tongyi_Q02_R4_20260825.txt","1691","System.Object[]","completed"
"tongyi/BHYY-GEO-DX-001_tongyi_Q02_R5_20260825.jpg","tongyi/BHYY-GEO-DX-001_tongyi_Q02_R5_20260825.txt","1576","System.Object[]","completed"
"tongyi/BHYY-GEO-DX-001_tongyi_Q03_R1_20260824.jpg","tongyi/BHYY-GEO-DX-001_tongyi_Q03_R1_20260824.txt","1848","System.Object[]","completed"
"tongyi/BHYY-GEO-DX-001_tongyi_Q03_R2_20260825.jpg","tongyi/BHYY-GEO-DX-001_tongyi_Q03_R2_20260825.txt","2534","System.Object[]","completed"
"tongyi/BHYY-GEO-DX-001_tongyi_Q03_R3_20260825.jpg","tongyi/BHYY-GEO-DX-001_tongyi_Q03_R3_20260825.txt","2309","System.Object[]","completed"
"tongyi/BHYY-GEO-DX-001_tongyi_Q03_R4_20260825.jpg","tongyi/BHYY-GEO-DX-001_tongyi_Q03_R4_20260825.txt","2487","System.Object[]","completed"
"tongyi/BHYY-GEO-DX-001_tongyi_Q03_R5_20260825.jpg","tongyi/BHYY-GEO-DX-001_tongyi_Q03_R5_20260825.txt","2008","System.Object[]","completed"
"tongyi/BHYY-GEO-DX-001_tongyi_Q04_R1_20260824.jpg","tongyi/BHYY-GEO-DX-001_tongyi_Q04_R1_20260824.txt","1840","System.Object[]","completed"
"tongyi/BHYY-GEO-DX-001_tongyi_Q04_R2_20260825.jpg","tongyi/BHYY-GEO-DX-001_tongyi_Q04_R2_20260825.txt","2093","System.Object[]","completed"
"tongyi/BHYY-GEO-DX-001_tongyi_Q04_R3_20260825.jpg","tongyi/BHYY-GEO-DX-001_tongyi_Q04_R3_20260825.txt","2127","System.Object[]","completed"
"tongyi/BHYY-GEO-DX-001_tongyi_Q04_R4_20260825.jpg","tongyi/BHYY-GEO-DX-001_tongyi_Q04_R4_20260825.txt","2081","System.Object[]","completed"
"tongyi/BHYY-GEO-DX-001_tongyi_Q04_R5_20260825.jpg","tongyi/BHYY-GEO-DX-001_tongyi_Q04_R5_20260825.txt","623","System.Object[]","completed"
"tongyi/BHYY-GEO-DX-001_tongyi_Q05_R1_20260824.jpg","tongyi/BHYY-GEO-DX-001_tongyi_Q05_R1_20260824.txt","1929","System.Object[]","completed"
"tongyi/BHYY-GEO-DX-001_tongyi_Q05_R2_20260825.jpg","tongyi/BHYY-GEO-DX-001_tongyi_Q05_R2_20260825.txt","2212","System.Object[]","completed"
"tongyi/BHYY-GEO-DX-001_tongyi_Q05_R3_20260825.jpg","tongyi/BHYY-GEO-DX-001_tongyi_Q05_R3_20260825.txt","1808","System.Object[]","completed"
"tongyi/BHYY-GEO-DX-001_tongyi_Q05_R4_20260825.jpg","tongyi/BHYY-GEO-DX-001_tongyi_Q05_R4_20260825.txt","1958","System.Object[]","completed"
"tongyi/BHYY-GEO-DX-001_tongyi_Q05_R5_20260825.jpg","tongyi/BHYY-GEO-DX-001_tongyi_Q05_R5_20260825.txt","1886","System.Object[]","completed"
"tongyi/BHYY-GEO-DX-001_tongyi_S01_R0_20260825.jpg","tongyi/BHYY-GEO-DX-001_tongyi_S01_R0_20260825.txt","1553","System.Object[]","completed"
"tongyi/BHYY-GEO-DX-001_tongyi_S02_R0_20260825.jpg","tongyi/BHYY-GEO-DX-001_tongyi_S02_R0_20260825.txt","1149","System.Object[]","completed"
"tongyi/BHYY-GEO-DX-001_tongyi_S03_R0_20260825.jpg","tongyi/BHYY-GEO-DX-001_tongyi_S03_R0_20260825.txt","243","System.Object[]","completed"
"tongyi/BHYY-GEO-DX-001_tongyi_S04_R0_20260825.jpg","tongyi/BHYY-GEO-DX-001_tongyi_S04_R0_20260825.txt","1508","System.Object[]","completed"
"yuanbao/BHYY-GEO-DX-001_yuanbao_B01_R0_20260825.jpg","yuanbao/BHYY-GEO-DX-001_yuanbao_B01_R0_20260825.txt","663","System.Object[]","completed"
"yuanbao/BHYY-GEO-DX-001_yuanbao_B02_R0_20260825.jpg","yuanbao/BHYY-GEO-DX-001_yuanbao_B02_R0_20260825.txt","546","System.Object[]","completed"
"yuanbao/BHYY-GEO-DX-001_yuanbao_B03_R0_20260825.jpg","yuanbao/BHYY-GEO-DX-001_yuanbao_B03_R0_20260825.txt","1062","System.Object[]","completed"
"yuanbao/BHYY-GEO-DX-001_yuanbao_B04_R0_20260825.jpg","yuanbao/BHYY-GEO-DX-001_yuanbao_B04_R0_20260825.txt","2027","System.Object[]","completed"
"yuanbao/BHYY-GEO-DX-001_yuanbao_Q01_R1_20260824.jpg","yuanbao/BHYY-GEO-DX-001_yuanbao_Q01_R1_20260824.txt","2134","System.Object[]","completed"
"yuanbao/BHYY-GEO-DX-001_yuanbao_Q01_R2_20260825.jpg","yuanbao/BHYY-GEO-DX-001_yuanbao_Q01_R2_20260825.txt","1847","System.Object[]","completed"
"yuanbao/BHYY-GEO-DX-001_yuanbao_Q01_R3_20260825.jpg","yuanbao/BHYY-GEO-DX-001_yuanbao_Q01_R3_20260825.txt","1965","System.Object[]","completed"
"yuanbao/BHYY-GEO-DX-001_yuanbao_Q01_R4_20260825.jpg","yuanbao/BHYY-GEO-DX-001_yuanbao_Q01_R4_20260825.txt","1380","System.Object[]","completed"
"yuanbao/BHYY-GEO-DX-001_yuanbao_Q01_R5_20260825.jpg","yuanbao/BHYY-GEO-DX-001_yuanbao_Q01_R5_20260825.txt","2108","System.Object[]","completed"
"yuanbao/BHYY-GEO-DX-001_yuanbao_Q02_R1_20260824.jpg","yuanbao/BHYY-GEO-DX-001_yuanbao_Q02_R1_20260824.txt","2491","System.Object[]","completed"
"yuanbao/BHYY-GEO-DX-001_yuanbao_Q02_R2_20260825.jpg","yuanbao/BHYY-GEO-DX-001_yuanbao_Q02_R2_20260825.txt","2234","System.Object[]","completed"
"yuanbao/BHYY-GEO-DX-001_yuanbao_Q02_R3_20260825.jpg","yuanbao/BHYY-GEO-DX-001_yuanbao_Q02_R3_20260825.txt","2481","System.Object[]","completed"
"yuanbao/BHYY-GEO-DX-001_yuanbao_Q02_R4_20260825.jpg","yuanbao/BHYY-GEO-DX-001_yuanbao_Q02_R4_20260825.txt","2357","System.Object[]","completed"
"yuanbao/BHYY-GEO-DX-001_yuanbao_Q02_R5_20260825.jpg","yuanbao/BHYY-GEO-DX-001_yuanbao_Q02_R5_20260825.txt","2933","System.Object[]","completed"
"yuanbao/BHYY-GEO-DX-001_yuanbao_Q03_R1_20260824.jpg","yuanbao/BHYY-GEO-DX-001_yuanbao_Q03_R1_20260824.txt","2420","System.Object[]","completed"
"yuanbao/BHYY-GEO-DX-001_yuanbao_Q03_R2_20260825.jpg","yuanbao/BHYY-GEO-DX-001_yuanbao_Q03_R2_20260825.txt","1989","System.Object[]","completed"
"yuanbao/BHYY-GEO-DX-001_yuanbao_Q03_R3_20260825.jpg","yuanbao/BHYY-GEO-DX-001_yuanbao_Q03_R3_20260825.txt","1809","System.Object[]","completed"
"yuanbao/BHYY-GEO-DX-001_yuanbao_Q03_R4_20260825.jpg","yuanbao/BHYY-GEO-DX-001_yuanbao_Q03_R4_20260825.txt","2404","System.Object[]","completed"
"yuanbao/BHYY-GEO-DX-001_yuanbao_Q03_R5_20260825.jpg","yuanbao/BHYY-GEO-DX-001_yuanbao_Q03_R5_20260825.txt","2146","System.Object[]","completed"
"yuanbao/BHYY-GEO-DX-001_yuanbao_Q04_R1_20260824.jpg","yuanbao/BHYY-GEO-DX-001_yuanbao_Q04_R1_20260824.txt","2779","System.Object[]","completed"
"yuanbao/BHYY-GEO-DX-001_yuanbao_Q04_R2_20260825.jpg","yuanbao/BHYY-GEO-DX-001_yuanbao_Q04_R2_20260825.txt","2911","System.Object[]","completed"
"yuanbao/BHYY-GEO-DX-001_yuanbao_Q04_R3_20260825.jpg","yuanbao/BHYY-GEO-DX-001_yuanbao_Q04_R3_20260825.txt","2567","System.Object[]","completed"
"yuanbao/BHYY-GEO-DX-001_yuanbao_Q04_R4_20260825.jpg","yuanbao/BHYY-GEO-DX-001_yuanbao_Q04_R4_20260825.txt","2235","System.Object[]","completed"
"yuanbao/BHYY-GEO-DX-001_yuanbao_Q04_R5_20260825.jpg","yuanbao/BHYY-GEO-DX-001_yuanbao_Q04_R5_20260825.txt","2889","System.Object[]","completed"
"yuanbao/BHYY-GEO-DX-001_yuanbao_Q05_R1_20260824.jpg","yuanbao/BHYY-GEO-DX-001_yuanbao_Q05_R1_20260824.txt","1891","System.Object[]","completed"
"yuanbao/BHYY-GEO-DX-001_yuanbao_Q05_R2_20260825.jpg","yuanbao/BHYY-GEO-DX-001_yuanbao_Q05_R2_20260825.txt","2341","System.Object[]","completed"
"yuanbao/BHYY-GEO-DX-001_yuanbao_Q05_R3_20260825.jpg","yuanbao/BHYY-GEO-DX-001_yuanbao_Q05_R3_20260825.txt","1715","System.Object[]","completed"
"yuanbao/BHYY-GEO-DX-001_yuanbao_Q05_R4_20260825.jpg","yuanbao/BHYY-GEO-DX-001_yuanbao_Q05_R4_20260825.txt","2318","System.Object[]","completed"
"yuanbao/BHYY-GEO-DX-001_yuanbao_Q05_R5_20260825.jpg","yuanbao/BHYY-GEO-DX-001_yuanbao_Q05_R5_20260825.txt","2090","System.Object[]","completed"
"yuanbao/BHYY-GEO-DX-001_yuanbao_S01_R0_20260825.jpg","yuanbao/BHYY-GEO-DX-001_yuanbao_S01_R0_20260825.txt","1746","System.Object[]","completed"
"yuanbao/BHYY-GEO-DX-001_yuanbao_S02_R0_20260825.jpg","yuanbao/BHYY-GEO-DX-001_yuanbao_S02_R0_20260825.txt","943","System.Object[]","completed"
"yuanbao/BHYY-GEO-DX-001_yuanbao_S03_R0_20260825.jpg","yuanbao/BHYY-GEO-DX-001_yuanbao_S03_R0_20260825.txt","221","System.Object[]","completed"
"yuanbao/BHYY-GEO-DX-001_yuanbao_S04_R0_20260825.jpg","yuanbao/BHYY-GEO-DX-001_yuanbao_S04_R0_20260825.txt","1346","System.Object[]","completed"
