platform,platform_folder,source_raw_id,raw_filename,declared_query_id,resolved_query_id,query_label_status,declared_question_similarity,resolved_question_similarity,runner_up_similarity,round,filename_date,archive_entry_time,exif_datetime,width,height,image_format,image_bytes,ocr_character_count,answer_present_estimate,target_mention_candidate,competitor_c001_candidate,competitor_c002_candidate,evidence_path,ocr_path
app_doubao,doubao,R0026,BHYY-GEO-DX-001_doubao_B01_R0_20260825.jpeg,B01,B01,matched,0.962,0.962,0.526,0,20260825,2026-08-25 20:55:30,,720,1303,JPEG,254091,210,1,1,0,0,raw-images/doubao/BHYY-GEO-DX-001_doubao_B01_R0_20260825.jpeg,derived-ocr/doubao/BHYY-GEO-DX-001_doubao_B01_R0_20260825.txt
app_doubao,doubao,R0026,BHYY-GEO-DX-001_doubao_B02_R0_20260825.jpeg,B02,B02,matched,1.000,1.000,0.500,0,20260825,2026-08-25 20:55:56,,720,1985,JPEG,352742,322,1,1,0,0,raw-images/doubao/BHYY-GEO-DX-001_doubao_B02_R0_20260825.jpeg,derived-ocr/doubao/BHYY-GEO-DX-001_doubao_B02_R0_20260825.txt
app_doubao,doubao,R0026,BHYY-GEO-DX-001_doubao_B03_R0_20260825.jpeg,B03,B03,matched,1.000,1.000,0.579,0,20260825,2026-08-25 20:56:22,,720,2256,JPEG,395993,353,1,1,0,0,raw-images/doubao/BHYY-GEO-DX-001_doubao_B03_R0_20260825.jpeg,derived-ocr/doubao/BHYY-GEO-DX-001_doubao_B03_R0_20260825.txt
app_doubao,doubao,R0026,BHYY-GEO-DX-001_doubao_B04_R0_20260825.jpeg,B04,B04,matched,1.000,1.000,0.545,0,20260825,2026-08-25 20:56:52,,720,4610,JPEG,913566,859,1,1,0,0,raw-images/doubao/BHYY-GEO-DX-001_doubao_B04_R0_20260825.jpeg,derived-ocr/doubao/BHYY-GEO-DX-001_doubao_B04_R0_20260825.txt
app_doubao,doubao,R0026,BHYY-GEO-DX-001_doubao_Q01_R1_20260824.jpeg,Q01,Q01,matched,0.961,0.961,0.618,1,20260824,2026-08-25 20:21:58,,720,4187,JPEG,772483,662,1,0,1,1,raw-images/doubao/BHYY-GEO-DX-001_doubao_Q01_R1_20260824.jpeg,derived-ocr/doubao/BHYY-GEO-DX-001_doubao_Q01_R1_20260824.txt
app_doubao,doubao,R0026,BHYY-GEO-DX-001_doubao_Q01_R2_20260825.jpeg,Q01,Q01,matched,0.961,0.961,0.618,2,20260825,2026-08-25 23:38:58,,720,4107,JPEG,796336,688,1,0,1,1,raw-images/doubao/BHYY-GEO-DX-001_doubao_Q01_R2_20260825.jpeg,derived-ocr/doubao/BHYY-GEO-DX-001_doubao_Q01_R2_20260825.txt
app_doubao,doubao,R0026,BHYY-GEO-DX-001_doubao_Q01_R3_20260825.jpeg,Q01,Q01,matched,0.961,0.961,0.618,3,20260825,2026-08-26 01:27:30,,720,3804,JPEG,744220,641,1,0,1,1,raw-images/doubao/BHYY-GEO-DX-001_doubao_Q01_R3_20260825.jpeg,derived-ocr/doubao/BHYY-GEO-DX-001_doubao_Q01_R3_20260825.txt
app_doubao,doubao,R0026,BHYY-GEO-DX-001_doubao_Q01_R4_20260825.jpeg,Q01,Q01,matched,0.961,0.961,0.618,4,20260825,2026-08-26 10:45:40,,720,4495,JPEG,948336,837,1,0,1,1,raw-images/doubao/BHYY-GEO-DX-001_doubao_Q01_R4_20260825.jpeg,derived-ocr/doubao/BHYY-GEO-DX-001_doubao_Q01_R4_20260825.txt
app_doubao,doubao,R0026,BHYY-GEO-DX-001_doubao_Q01_R5_20260825.jpeg,Q01,Q01,matched,0.961,0.961,0.618,5,20260825,2026-08-26 13:10:24,,720,4240,JPEG,855604,736,1,0,1,1,raw-images/doubao/BHYY-GEO-DX-001_doubao_Q01_R5_20260825.jpeg,derived-ocr/doubao/BHYY-GEO-DX-001_doubao_Q01_R5_20260825.txt
app_doubao,doubao,R0026,BHYY-GEO-DX-001_doubao_Q02_R1_20260824.jpeg,Q02,Q02,matched,0.982,0.982,0.660,1,20260824,2026-08-25 20:22:40,,720,5747,JPEG,1156811,1062,1,0,1,1,raw-images/doubao/BHYY-GEO-DX-001_doubao_Q02_R1_20260824.jpeg,derived-ocr/doubao/BHYY-GEO-DX-001_doubao_Q02_R1_20260824.txt
app_doubao,doubao,R0026,BHYY-GEO-DX-001_doubao_Q02_R2_20260825.jpeg,Q02,Q02,matched,0.982,0.982,0.660,2,20260825,2026-08-25 23:39:40,,720,5764,JPEG,1195744,1094,1,0,1,1,raw-images/doubao/BHYY-GEO-DX-001_doubao_Q02_R2_20260825.jpeg,derived-ocr/doubao/BHYY-GEO-DX-001_doubao_Q02_R2_20260825.txt
app_doubao,doubao,R0026,BHYY-GEO-DX-001_doubao_Q02_R3_20260825.jpeg,Q02,Q02,matched,0.982,0.982,0.660,3,20260825,2026-08-26 01:28:10,,720,6221,JPEG,1228142,1101,1,0,1,1,raw-images/doubao/BHYY-GEO-DX-001_doubao_Q02_R3_20260825.jpeg,derived-ocr/doubao/BHYY-GEO-DX-001_doubao_Q02_R3_20260825.txt
app_doubao,doubao,R0026,BHYY-GEO-DX-001_doubao_Q02_R4_20260825.jpeg,Q02,Q02,matched,0.982,0.982,0.660,4,20260825,2026-08-26 10:46:14,,720,6221,JPEG,1353578,1207,1,0,1,1,raw-images/doubao/BHYY-GEO-DX-001_doubao_Q02_R4_20260825.jpeg,derived-ocr/doubao/BHYY-GEO-DX-001_doubao_Q02_R4_20260825.txt
app_doubao,doubao,R0026,BHYY-GEO-DX-001_doubao_Q02_R5_20260825.jpeg,Q02,Q02,matched,0.982,0.982,0.660,5,20260825,2026-08-26 13:10:56,,720,6221,JPEG,1272591,1118,1,0,1,1,raw-images/doubao/BHYY-GEO-DX-001_doubao_Q02_R5_20260825.jpeg,derived-ocr/doubao/BHYY-GEO-DX-001_doubao_Q02_R5_20260825.txt
app_doubao,doubao,R0026,BHYY-GEO-DX-001_doubao_Q03_R1_20260824.jpeg,Q03,Q03,matched,0.980,0.980,0.767,1,20260824,2026-08-25 20:23:24,,720,5013,JPEG,977475,878,1,0,1,1,raw-images/doubao/BHYY-GEO-DX-001_doubao_Q03_R1_20260824.jpeg,derived-ocr/doubao/BHYY-GEO-DX-001_doubao_Q03_R1_20260824.txt
app_doubao,doubao,R0026,BHYY-GEO-DX-001_doubao_Q03_R2_20260825.jpeg,Q03,Q03,matched,0.980,0.980,0.767,2,20260825,2026-08-25 23:40:26,,720,4392,JPEG,859661,760,1,0,1,1,raw-images/doubao/BHYY-GEO-DX-001_doubao_Q03_R2_20260825.jpeg,derived-ocr/doubao/BHYY-GEO-DX-001_doubao_Q03_R2_20260825.txt
app_doubao,doubao,R0026,BHYY-GEO-DX-001_doubao_Q03_R3_20260825.jpeg,Q03,Q03,matched,0.980,0.980,0.767,3,20260825,2026-08-26 01:28:40,,720,4553,JPEG,856147,768,1,0,1,1,raw-images/doubao/BHYY-GEO-DX-001_doubao_Q03_R3_20260825.jpeg,derived-ocr/doubao/BHYY-GEO-DX-001_doubao_Q03_R3_20260825.txt
app_doubao,doubao,R0026,BHYY-GEO-DX-001_doubao_Q03_R4_20260825.jpeg,Q03,Q03,matched,0.980,0.980,0.767,4,20260825,2026-08-26 10:46:50,,720,5716,JPEG,1163844,931,1,0,1,1,raw-images/doubao/BHYY-GEO-DX-001_doubao_Q03_R4_20260825.jpeg,derived-ocr/doubao/BHYY-GEO-DX-001_doubao_Q03_R4_20260825.txt
app_doubao,doubao,R0026,BHYY-GEO-DX-001_doubao_Q03_R5_20260825.jpeg,Q03,Q03,matched,0.980,0.980,0.767,5,20260825,2026-08-26 13:11:56,,720,5698,JPEG,1193488,1057,1,0,1,1,raw-images/doubao/BHYY-GEO-DX-001_doubao_Q03_R5_20260825.jpeg,derived-ocr/doubao/BHYY-GEO-DX-001_doubao_Q03_R5_20260825.txt
app_doubao,doubao,R0026,BHYY-GEO-DX-001_doubao_Q04_R1_20260824.jpeg,Q04,Q04,matched,1.000,1.000,0.674,1,20260824,2026-08-25 20:23:54,,720,3632,JPEG,748320,654,1,0,1,1,raw-images/doubao/BHYY-GEO-DX-001_doubao_Q04_R1_20260824.jpeg,derived-ocr/doubao/BHYY-GEO-DX-001_doubao_Q04_R1_20260824.txt
app_doubao,doubao,R0026,BHYY-GEO-DX-001_doubao_Q04_R2_20260825.jpeg,Q04,Q04,matched,1.000,1.000,0.674,2,20260825,2026-08-26 01:32:36,,720,3384,JPEG,706619,624,1,0,1,1,raw-images/doubao/BHYY-GEO-DX-001_doubao_Q04_R2_20260825.jpeg,derived-ocr/doubao/BHYY-GEO-DX-001_doubao_Q04_R2_20260825.txt
app_doubao,doubao,R0026,BHYY-GEO-DX-001_doubao_Q04_R3_20260825.jpeg,Q04,Q04,matched,1.000,1.000,0.674,3,20260825,2026-08-26 01:29:08,,720,3620,JPEG,725318,641,1,0,1,1,raw-images/doubao/BHYY-GEO-DX-001_doubao_Q04_R3_20260825.jpeg,derived-ocr/doubao/BHYY-GEO-DX-001_doubao_Q04_R3_20260825.txt
app_doubao,doubao,R0026,BHYY-GEO-DX-001_doubao_Q04_R4_20260825.jpeg,Q04,Q04,matched,1.000,1.000,0.674,4,20260825,2026-08-26 10:47:14,,720,4833,JPEG,1004380,888,1,0,1,1,raw-images/doubao/BHYY-GEO-DX-001_doubao_Q04_R4_20260825.jpeg,derived-ocr/doubao/BHYY-GEO-DX-001_doubao_Q04_R4_20260825.txt
app_doubao,doubao,R0026,BHYY-GEO-DX-001_doubao_Q04_R5_20260825.jpeg,Q04,Q04,matched,1.000,1.000,0.674,5,20260825,2026-08-26 13:13:26,,720,4506,JPEG,919497,811,1,0,1,1,raw-images/doubao/BHYY-GEO-DX-001_doubao_Q04_R5_20260825.jpeg,derived-ocr/doubao/BHYY-GEO-DX-001_doubao_Q04_R5_20260825.txt
app_doubao,doubao,R0026,BHYY-GEO-DX-001_doubao_Q05_R1_20260824.jpeg,Q05,Q05,matched,1.000,1.000,0.702,1,20260824,2026-08-25 20:24:28,,720,4182,JPEG,792723,703,1,0,1,1,raw-images/doubao/BHYY-GEO-DX-001_doubao_Q05_R1_20260824.jpeg,derived-ocr/doubao/BHYY-GEO-DX-001_doubao_Q05_R1_20260824.txt
app_doubao,doubao,R0026,BHYY-GEO-DX-001_doubao_Q05_R2_20260825.jpeg,Q05,Q05,matched,1.000,1.000,0.702,2,20260825,2026-08-25 23:42:00,,720,4127,JPEG,802961,723,1,0,1,1,raw-images/doubao/BHYY-GEO-DX-001_doubao_Q05_R2_20260825.jpeg,derived-ocr/doubao/BHYY-GEO-DX-001_doubao_Q05_R2_20260825.txt
app_doubao,doubao,R0026,BHYY-GEO-DX-001_doubao_Q05_R3_20260825.jpeg,Q05,Q05,matched,1.000,1.000,0.702,3,20260825,2026-08-26 01:29:40,,720,4310,JPEG,854760,776,1,0,1,1,raw-images/doubao/BHYY-GEO-DX-001_doubao_Q05_R3_20260825.jpeg,derived-ocr/doubao/BHYY-GEO-DX-001_doubao_Q05_R3_20260825.txt
app_doubao,doubao,R0026,BHYY-GEO-DX-001_doubao_Q05_R4_20260825.jpeg,Q05,Q05,matched,1.000,1.000,0.702,4,20260825,2026-08-26 10:47:40,,720,4200,JPEG,804564,722,1,0,1,1,raw-images/doubao/BHYY-GEO-DX-001_doubao_Q05_R4_20260825.jpeg,derived-ocr/doubao/BHYY-GEO-DX-001_doubao_Q05_R4_20260825.txt
app_doubao,doubao,R0026,BHYY-GEO-DX-001_doubao_Q05_R5_20260825.jpeg,Q05,Q05,matched,1.000,1.000,0.702,5,20260825,2026-08-26 13:14:00,,720,4319,JPEG,849883,746,1,0,1,1,raw-images/doubao/BHYY-GEO-DX-001_doubao_Q05_R5_20260825.jpeg,derived-ocr/doubao/BHYY-GEO-DX-001_doubao_Q05_R5_20260825.txt
app_doubao,doubao,R0026,BHYY-GEO-DX-001_doubao_S01_R0_20260825.jpeg,S01,S01,matched,0.935,0.935,0.278,0,20260825,2026-08-25 20:49:18,,720,4244,JPEG,831424,631,1,0,0,0,raw-images/doubao/BHYY-GEO-DX-001_doubao_S01_R0_20260825.jpeg,derived-ocr/doubao/BHYY-GEO-DX-001_doubao_S01_R0_20260825.txt
app_doubao,doubao,R0026,BHYY-GEO-DX-001_doubao_S02_R0_20260825.jpeg,S02,S02,matched,0.909,0.909,0.364,0,20260825,2026-08-25 20:50:06,,720,3154,JPEG,640509,450,1,0,0,0,raw-images/doubao/BHYY-GEO-DX-001_doubao_S02_R0_20260825.jpeg,derived-ocr/doubao/BHYY-GEO-DX-001_doubao_S02_R0_20260825.txt
app_doubao,doubao,R0026,BHYY-GEO-DX-001_doubao_S03_R0_20260825.jpeg,S03,S03,matched,0.968,0.968,0.286,0,20260825,2026-08-25 20:50:32,,720,853,JPEG,141787,97,1,0,0,0,raw-images/doubao/BHYY-GEO-DX-001_doubao_S03_R0_20260825.jpeg,derived-ocr/doubao/BHYY-GEO-DX-001_doubao_S03_R0_20260825.txt
app_doubao,doubao,R0026,BHYY-GEO-DX-001_doubao_S04_R0_20260825.jpeg,S04,S04,matched,1.000,1.000,0.346,0,20260825,2026-08-25 20:51:10,,720,2972,JPEG,517421,452,1,0,0,0,raw-images/doubao/BHYY-GEO-DX-001_doubao_S04_R0_20260825.jpeg,derived-ocr/doubao/BHYY-GEO-DX-001_doubao_S04_R0_20260825.txt
app_deepseek,ds,R0027,BHYY-GEO-DX-001_ds_B01_R0_20260825.png,B01,B01,matched,0.962,0.962,0.526,0,20260825,2026-08-25 18:35:12,,720,1879,PNG,217629,196,1,1,0,0,raw-images/ds/BHYY-GEO-DX-001_ds_B01_R0_20260825.png,derived-ocr/ds/BHYY-GEO-DX-001_ds_B01_R0_20260825.txt
app_deepseek,ds,R0027,BHYY-GEO-DX-001_ds_B02_R0_20260825.png,B02,B02,matched,0.957,0.957,0.500,0,20260825,2026-08-25 18:35:46,,720,1665,PNG,192603,182,1,1,0,0,raw-images/ds/BHYY-GEO-DX-001_ds_B02_R0_20260825.png,derived-ocr/ds/BHYY-GEO-DX-001_ds_B02_R0_20260825.txt
app_deepseek,ds,R0027,BHYY-GEO-DX-001_ds_B03_R0_20260825.png,B03,B03,matched,1.000,1.000,0.579,0,20260825,2026-08-25 18:36:38,,720,2702,PNG,352178,364,1,1,0,0,raw-images/ds/BHYY-GEO-DX-001_ds_B03_R0_20260825.png,derived-ocr/ds/BHYY-GEO-DX-001_ds_B03_R0_20260825.txt
app_deepseek,ds,R0027,BHYY-GEO-DX-001_ds_B04_R0_20260825.png,B04,B04,matched,1.000,1.000,0.526,0,20260825,2026-08-25 18:37:04,,720,2269,PNG,285236,277,1,1,0,0,raw-images/ds/BHYY-GEO-DX-001_ds_B04_R0_20260825.png,derived-ocr/ds/BHYY-GEO-DX-001_ds_B04_R0_20260825.txt
app_deepseek,ds,R0027,BHYY-GEO-DX-001_ds_Q01_R1_20260824.png,Q01,Q01,matched,0.980,0.980,0.636,1,20260824,2026-08-24 22:48:28,,720,6027,PNG,646493,733,1,0,1,1,raw-images/ds/BHYY-GEO-DX-001_ds_Q01_R1_20260824.png,derived-ocr/ds/BHYY-GEO-DX-001_ds_Q01_R1_20260824.txt
app_deepseek,ds,R0027,BHYY-GEO-DX-001_ds_Q01_R2_20260825_01.png,Q01,Q01,matched,0.980,0.980,0.636,2,20260825,2026-08-25 01:30:48,,720,3747,PNG,518293,484,1,0,1,1,raw-images/ds/BHYY-GEO-DX-001_ds_Q01_R2_20260825_01.png,derived-ocr/ds/BHYY-GEO-DX-001_ds_Q01_R2_20260825_01.txt
app_deepseek,ds,R0027,BHYY-GEO-DX-001_ds_Q01_R3_20260825.png,Q01,Q01,matched,0.980,0.980,0.636,3,20260825,2026-08-25 11:13:46,,720,4694,PNG,532508,601,1,0,1,0,raw-images/ds/BHYY-GEO-DX-001_ds_Q01_R3_20260825.png,derived-ocr/ds/BHYY-GEO-DX-001_ds_Q01_R3_20260825.txt
app_deepseek,ds,R0027,BHYY-GEO-DX-001_ds_Q01_R4_20260825.png,Q01,Q01,matched,0.980,0.980,0.636,4,20260825,2026-08-25 14:26:10,,720,6125,PNG,700286,827,1,0,1,1,raw-images/ds/BHYY-GEO-DX-001_ds_Q01_R4_20260825.png,derived-ocr/ds/BHYY-GEO-DX-001_ds_Q01_R4_20260825.txt
app_deepseek,ds,R0027,BHYY-GEO-DX-001_ds_Q01_R5_20260825.png,Q01,Q01,matched,0.980,0.980,0.636,5,20260825,2026-08-25 17:43:22,,720,4153,PNG,464955,531,1,0,1,1,raw-images/ds/BHYY-GEO-DX-001_ds_Q01_R5_20260825.png,derived-ocr/ds/BHYY-GEO-DX-001_ds_Q01_R5_20260825.txt
app_deepseek,ds,R0027,BHYY-GEO-DX-001_ds_Q02_R1_20260824.png,Q02,Q02,matched,0.982,0.982,0.660,1,20260824,2026-08-24 22:48:42,,720,5442,PNG,574739,646,1,0,1,1,raw-images/ds/BHYY-GEO-DX-001_ds_Q02_R1_20260824.png,derived-ocr/ds/BHYY-GEO-DX-001_ds_Q02_R1_20260824.txt
app_deepseek,ds,R0027,BHYY-GEO-DX-001_ds_Q02_R2_20260825.png,Q02,Q02,matched,0.982,0.982,0.660,2,20260825,2026-08-25 01:32:18,,720,5460,PNG,605946,675,1,0,1,1,raw-images/ds/BHYY-GEO-DX-001_ds_Q02_R2_20260825.png,derived-ocr/ds/BHYY-GEO-DX-001_ds_Q02_R2_20260825.txt
app_deepseek,ds,R0027,BHYY-GEO-DX-001_ds_Q02_R3_20260825.png,Q02,Q02,matched,0.982,0.982,0.660,3,20260825,2026-08-25 11:14:26,,720,5837,PNG,661065,787,1,0,1,1,raw-images/ds/BHYY-GEO-DX-001_ds_Q02_R3_20260825.png,derived-ocr/ds/BHYY-GEO-DX-001_ds_Q02_R3_20260825.txt
app_deepseek,ds,R0027,BHYY-GEO-DX-001_ds_Q02_R4_20260825.png,Q02,Q02,matched,0.982,0.982,0.660,4,20260825,2026-08-25 14:26:42,,720,5702,PNG,616807,708,1,0,1,1,raw-images/ds/BHYY-GEO-DX-001_ds_Q02_R4_20260825.png,derived-ocr/ds/BHYY-GEO-DX-001_ds_Q02_R4_20260825.txt
app_deepseek,ds,R0027,BHYY-GEO-DX-001_ds_Q02_R5_20260825.png,Q02,Q02,matched,0.982,0.982,0.660,5,20260825,2026-08-25 17:43:54,,720,6304,PNG,696222,816,1,0,1,1,raw-images/ds/BHYY-GEO-DX-001_ds_Q02_R5_20260825.png,derived-ocr/ds/BHYY-GEO-DX-001_ds_Q02_R5_20260825.txt
app_deepseek,ds,R0027,BHYY-GEO-DX-001_ds_Q03_R1_20260824.png,Q03,Q03,matched,0.980,0.980,0.767,1,20260824,2026-08-24 22:48:52,,720,5116,PNG,513284,575,1,0,1,1,raw-images/ds/BHYY-GEO-DX-001_ds_Q03_R1_20260824.png,derived-ocr/ds/BHYY-GEO-DX-001_ds_Q03_R1_20260824.txt
app_deepseek,ds,R0027,BHYY-GEO-DX-001_ds_Q03_R2_20260825.png,Q03,Q03,matched,0.980,0.980,0.767,2,20260825,2026-08-25 01:32:56,,720,4794,PNG,549678,633,1,0,1,0,raw-images/ds/BHYY-GEO-DX-001_ds_Q03_R2_20260825.png,derived-ocr/ds/BHYY-GEO-DX-001_ds_Q03_R2_20260825.txt
app_deepseek,ds,R0027,BHYY-GEO-DX-001_ds_Q03_R3_20260825.png,Q03,Q03,matched,0.980,0.980,0.767,3,20260825,2026-08-25 11:15:02,,720,3585,PNG,480093,431,1,0,1,0,raw-images/ds/BHYY-GEO-DX-001_ds_Q03_R3_20260825.png,derived-ocr/ds/BHYY-GEO-DX-001_ds_Q03_R3_20260825.txt
app_deepseek,ds,R0027,BHYY-GEO-DX-001_ds_Q03_R4_20260825.png,Q03,Q03,matched,0.980,0.980,0.767,4,20260825,2026-08-25 14:27:12,,720,5051,PNG,545391,633,1,0,1,0,raw-images/ds/BHYY-GEO-DX-001_ds_Q03_R4_20260825.png,derived-ocr/ds/BHYY-GEO-DX-001_ds_Q03_R4_20260825.txt
app_deepseek,ds,R0027,BHYY-GEO-DX-001_ds_Q03_R5_20260825.png,Q03,Q03,matched,0.980,0.980,0.767,5,20260825,2026-08-25 17:44:22,,720,5072,PNG,546497,610,1,0,1,0,raw-images/ds/BHYY-GEO-DX-001_ds_Q03_R5_20260825.png,derived-ocr/ds/BHYY-GEO-DX-001_ds_Q03_R5_20260825.txt
app_deepseek,ds,R0027,BHYY-GEO-DX-001_ds_Q04_R1_20260824.png,Q04,Q04,matched,1.000,1.000,0.674,1,20260824,2026-08-24 22:49:02,,720,4568,PNG,513999,569,1,0,1,1,raw-images/ds/BHYY-GEO-DX-001_ds_Q04_R1_20260824.png,derived-ocr/ds/BHYY-GEO-DX-001_ds_Q04_R1_20260824.txt
app_deepseek,ds,R0027,BHYY-GEO-DX-001_ds_Q04_R2_20260825.png,Q04,Q04,matched,1.000,1.000,0.674,2,20260825,2026-08-25 01:33:24,,720,3516,PNG,459368,444,1,0,1,1,raw-images/ds/BHYY-GEO-DX-001_ds_Q04_R2_20260825.png,derived-ocr/ds/BHYY-GEO-DX-001_ds_Q04_R2_20260825.txt
app_deepseek,ds,R0027,BHYY-GEO-DX-001_ds_Q04_R3_20260825.png,Q04,Q04,matched,1.000,1.000,0.674,3,20260825,2026-08-25 11:15:28,,720,3490,PNG,471231,438,1,0,1,1,raw-images/ds/BHYY-GEO-DX-001_ds_Q04_R3_20260825.png,derived-ocr/ds/BHYY-GEO-DX-001_ds_Q04_R3_20260825.txt
app_deepseek,ds,R0027,BHYY-GEO-DX-001_ds_Q04_R4_20260825.png,Q04,Q04,matched,1.000,1.000,0.674,4,20260825,2026-08-25 14:27:44,,720,3876,PNG,583084,578,1,0,1,1,raw-images/ds/BHYY-GEO-DX-001_ds_Q04_R4_20260825.png,derived-ocr/ds/BHYY-GEO-DX-001_ds_Q04_R4_20260825.txt
app_deepseek,ds,R0027,BHYY-GEO-DX-001_ds_Q04_R5_20260825.png,Q04,Q04,matched,1.000,1.000,0.674,5,20260825,2026-08-25 17:48:06,,720,4817,PNG,567512,651,1,0,1,1,raw-images/ds/BHYY-GEO-DX-001_ds_Q04_R5_20260825.png,derived-ocr/ds/BHYY-GEO-DX-001_ds_Q04_R5_20260825.txt
app_deepseek,ds,R0027,BHYY-GEO-DX-001_ds_Q05_R1_20260824.png,Q05,Q05,matched,1.000,1.000,0.702,1,20260824,2026-08-24 22:49:12,,720,4596,PNG,551835,668,1,0,1,0,raw-images/ds/BHYY-GEO-DX-001_ds_Q05_R1_20260824.png,derived-ocr/ds/BHYY-GEO-DX-001_ds_Q05_R1_20260824.txt
app_deepseek,ds,R0027,BHYY-GEO-DX-001_ds_Q05_R2_20260825.png,Q05,Q05,matched,1.000,1.000,0.702,2,20260825,2026-08-25 01:34:00,,720,3293,PNG,452772,450,1,0,1,1,raw-images/ds/BHYY-GEO-DX-001_ds_Q05_R2_20260825.png,derived-ocr/ds/BHYY-GEO-DX-001_ds_Q05_R2_20260825.txt
app_deepseek,ds,R0027,BHYY-GEO-DX-001_ds_Q05_R3_20260825.png,Q05,Q05,matched,1.000,1.000,0.702,3,20260825,2026-08-25 11:16:02,,720,3083,PNG,439818,443,1,0,1,0,raw-images/ds/BHYY-GEO-DX-001_ds_Q05_R3_20260825.png,derived-ocr/ds/BHYY-GEO-DX-001_ds_Q05_R3_20260825.txt
app_deepseek,ds,R0027,BHYY-GEO-DX-001_ds_Q05_R4_20260825.png,Q05,Q05,matched,1.000,1.000,0.702,4,20260825,2026-08-25 14:28:10,,720,5027,PNG,571938,673,1,0,1,1,raw-images/ds/BHYY-GEO-DX-001_ds_Q05_R4_20260825.png,derived-ocr/ds/BHYY-GEO-DX-001_ds_Q05_R4_20260825.txt
app_deepseek,ds,R0027,BHYY-GEO-DX-001_ds_Q05_R5_20260825.png,Q05,Q05,matched,1.000,1.000,0.702,5,20260825,2026-08-25 17:45:18,,720,3366,PNG,471542,439,1,0,1,1,raw-images/ds/BHYY-GEO-DX-001_ds_Q05_R5_20260825.png,derived-ocr/ds/BHYY-GEO-DX-001_ds_Q05_R5_20260825.txt
app_deepseek,ds,R0027,BHYY-GEO-DX-001_ds_S01_R0_20260825.png,S01,S01,matched,0.968,0.968,0.278,0,20260825,2026-08-25 18:08:04,,720,4069,PNG,546412,510,1,0,0,0,raw-images/ds/BHYY-GEO-DX-001_ds_S01_R0_20260825.png,derived-ocr/ds/BHYY-GEO-DX-001_ds_S01_R0_20260825.txt
app_deepseek,ds,R0027,BHYY-GEO-DX-001_ds_S02_R0_20260825.png,S02,S02,matched,0.909,0.909,0.316,0,20260825,2026-08-25 18:08:16,,720,3430,PNG,475333,480,1,0,0,0,raw-images/ds/BHYY-GEO-DX-001_ds_S02_R0_20260825.png,derived-ocr/ds/BHYY-GEO-DX-001_ds_S02_R0_20260825.txt
app_deepseek,ds,R0027,BHYY-GEO-DX-001_ds_S03_R0_20260825.png,S03,S03,matched,0.968,0.968,0.286,0,20260825,2026-08-25 18:08:22,,720,1990,PNG,229648,215,1,0,0,0,raw-images/ds/BHYY-GEO-DX-001_ds_S03_R0_20260825.png,derived-ocr/ds/BHYY-GEO-DX-001_ds_S03_R0_20260825.txt
app_deepseek,ds,R0027,BHYY-GEO-DX-001_ds_S04_R0_20260825.png,S04,S04,matched,1.000,1.000,0.368,0,20260825,2026-08-25 18:08:30,,720,3747,PNG,541816,528,1,0,0,0,raw-images/ds/BHYY-GEO-DX-001_ds_S04_R0_20260825.png,derived-ocr/ds/BHYY-GEO-DX-001_ds_S04_R0_20260825.txt
app_tongyi,tongyi,R0028,BHYY-GEO-DX-001_tongyi_B01_R0_20260825.jpg,B01,B01,matched,0.962,0.962,0.526,0,20260825,2026-08-25 18:38:40,2026:08:25 18:38:41,720,1600,JPEG,466766,237,1,1,0,0,raw-images/tongyi/BHYY-GEO-DX-001_tongyi_B01_R0_20260825.jpg,derived-ocr/tongyi/BHYY-GEO-DX-001_tongyi_B01_R0_20260825.txt
app_tongyi,tongyi,R0028,BHYY-GEO-DX-001_tongyi_B02_R0_20260825.jpg,B02,B02,matched,1.000,1.000,0.500,0,20260825,2026-08-25 18:39:10,2026:08:25 18:39:11,720,2176,JPEG,623420,350,1,1,0,0,raw-images/tongyi/BHYY-GEO-DX-001_tongyi_B02_R0_20260825.jpg,derived-ocr/tongyi/BHYY-GEO-DX-001_tongyi_B02_R0_20260825.txt
app_tongyi,tongyi,R0028,BHYY-GEO-DX-001_tongyi_B03_R0_20260825.jpg,B03,B03,matched,1.000,1.000,0.579,0,20260825,2026-08-25 18:39:36,2026:08:25 18:39:36,720,2667,JPEG,778788,429,1,1,0,0,raw-images/tongyi/BHYY-GEO-DX-001_tongyi_B03_R0_20260825.jpg,derived-ocr/tongyi/BHYY-GEO-DX-001_tongyi_B03_R0_20260825.txt
app_tongyi,tongyi,R0028,BHYY-GEO-DX-001_tongyi_B04_R0_20260825.jpg,B04,B04,matched,1.000,1.000,0.579,0,20260825,2026-08-25 18:40:12,,720,4728,JPEG,1137712,881,1,1,0,0,raw-images/tongyi/BHYY-GEO-DX-001_tongyi_B04_R0_20260825.jpg,derived-ocr/tongyi/BHYY-GEO-DX-001_tongyi_B04_R0_20260825.txt
app_tongyi,tongyi,R0028,BHYY-GEO-DX-001_tongyi_Q01_R1_20260824.jpg,Q01,Q01,matched,0.980,0.980,0.636,1,20260824,2026-08-24 22:45:38,2026:08:24 22:45:38,720,3837,JPEG,1259223,763,1,0,1,0,raw-images/tongyi/BHYY-GEO-DX-001_tongyi_Q01_R1_20260824.jpg,derived-ocr/tongyi/BHYY-GEO-DX-001_tongyi_Q01_R1_20260824.txt
app_tongyi,tongyi,R0028,BHYY-GEO-DX-001_tongyi_Q01_R2_20260825.jpg,Q01,Q01,matched,0.980,0.980,0.636,2,20260825,2026-08-25 01:35:08,,720,3909,JPEG,960738,785,1,0,1,0,raw-images/tongyi/BHYY-GEO-DX-001_tongyi_Q01_R2_20260825.jpg,derived-ocr/tongyi/BHYY-GEO-DX-001_tongyi_Q01_R2_20260825.txt
app_tongyi,tongyi,R0028,BHYY-GEO-DX-001_tongyi_Q01_R3_20260825.jpg,Q01,Q01,matched,0.980,0.980,0.636,3,20260825,2026-08-25 11:17:02,,720,3918,JPEG,973184,812,1,0,1,0,raw-images/tongyi/BHYY-GEO-DX-001_tongyi_Q01_R3_20260825.jpg,derived-ocr/tongyi/BHYY-GEO-DX-001_tongyi_Q01_R3_20260825.txt
app_tongyi,tongyi,R0028,BHYY-GEO-DX-001_tongyi_Q01_R4_20260825.jpg,Q01,Q01,matched,0.980,0.980,0.636,4,20260825,2026-08-25 14:34:48,,720,3841,JPEG,978085,755,1,0,1,0,raw-images/tongyi/BHYY-GEO-DX-001_tongyi_Q01_R4_20260825.jpg,derived-ocr/tongyi/BHYY-GEO-DX-001_tongyi_Q01_R4_20260825.txt
app_tongyi,tongyi,R0028,BHYY-GEO-DX-001_tongyi_Q01_R5_20260825.jpg,Q01,Q01,matched,0.980,0.980,0.636,5,20260825,2026-08-25 17:51:04,,720,4513,JPEG,1111859,832,1,0,1,0,raw-images/tongyi/BHYY-GEO-DX-001_tongyi_Q01_R5_20260825.jpg,derived-ocr/tongyi/BHYY-GEO-DX-001_tongyi_Q01_R5_20260825.txt
app_tongyi,tongyi,R0028,BHYY-GEO-DX-001_tongyi_Q02_R1_20260824.jpg,Q02,Q02,matched,0.982,0.982,0.660,1,20260824,2026-08-24 22:46:02,2026:08:24 22:46:02,720,4601,JPEG,1465693,802,1,0,1,0,raw-images/tongyi/BHYY-GEO-DX-001_tongyi_Q02_R1_20260824.jpg,derived-ocr/tongyi/BHYY-GEO-DX-001_tongyi_Q02_R1_20260824.txt
app_tongyi,tongyi,R0028,BHYY-GEO-DX-001_tongyi_Q02_R2_20260825.jpg,Q02,Q02,matched,0.982,0.982,0.660,2,20260825,2026-08-25 01:35:38,,720,3956,JPEG,978383,737,1,0,1,0,raw-images/tongyi/BHYY-GEO-DX-001_tongyi_Q02_R2_20260825.jpg,derived-ocr/tongyi/BHYY-GEO-DX-001_tongyi_Q02_R2_20260825.txt
app_tongyi,tongyi,R0028,BHYY-GEO-DX-001_tongyi_Q02_R3_20260825.jpg,Q02,Q02,matched,0.982,0.982,0.660,3,20260825,2026-08-25 11:17:34,,720,4420,JPEG,1095634,831,1,0,1,1,raw-images/tongyi/BHYY-GEO-DX-001_tongyi_Q02_R3_20260825.jpg,derived-ocr/tongyi/BHYY-GEO-DX-001_tongyi_Q02_R3_20260825.txt
app_tongyi,tongyi,R0028,BHYY-GEO-DX-001_tongyi_Q02_R4_20260825.jpg,Q02,Q02,matched,0.982,0.982,0.660,4,20260825,2026-08-25 14:35:18,,720,3855,JPEG,911639,754,1,0,1,0,raw-images/tongyi/BHYY-GEO-DX-001_tongyi_Q02_R4_20260825.jpg,derived-ocr/tongyi/BHYY-GEO-DX-001_tongyi_Q02_R4_20260825.txt
app_tongyi,tongyi,R0028,BHYY-GEO-DX-001_tongyi_Q02_R5_20260825.jpg,Q02,Q02,matched,0.982,0.982,0.660,5,20260825,2026-08-25 17:51:34,,720,3745,JPEG,950595,723,1,0,0,1,raw-images/tongyi/BHYY-GEO-DX-001_tongyi_Q02_R5_20260825.jpg,derived-ocr/tongyi/BHYY-GEO-DX-001_tongyi_Q02_R5_20260825.txt
app_tongyi,tongyi,R0028,BHYY-GEO-DX-001_tongyi_Q03_R1_20260824.jpg,Q03,Q03,matched,0.980,0.980,0.767,1,20260824,2026-08-24 22:46:34,2026:08:24 22:46:35,720,4771,JPEG,1452594,839,1,0,1,1,raw-images/tongyi/BHYY-GEO-DX-001_tongyi_Q03_R1_20260824.jpg,derived-ocr/tongyi/BHYY-GEO-DX-001_tongyi_Q03_R1_20260824.txt
app_tongyi,tongyi,R0028,BHYY-GEO-DX-001_tongyi_Q03_R2_20260825.jpg,Q03,Q03,matched,0.980,0.980,0.767,2,20260825,2026-08-25 01:37:18,2026:08:25 01:37:19,720,5942,JPEG,1832940,1145,1,0,0,1,raw-images/tongyi/BHYY-GEO-DX-001_tongyi_Q03_R2_20260825.jpg,derived-ocr/tongyi/BHYY-GEO-DX-001_tongyi_Q03_R2_20260825.txt
app_tongyi,tongyi,R0028,BHYY-GEO-DX-001_tongyi_Q03_R3_20260825.jpg,Q03,Q03,matched,0.980,0.980,0.767,3,20260825,2026-08-25 11:18:42,2026:08:25 11:18:43,720,6298,JPEG,1858256,1059,1,0,1,1,raw-images/tongyi/BHYY-GEO-DX-001_tongyi_Q03_R3_20260825.jpg,derived-ocr/tongyi/BHYY-GEO-DX-001_tongyi_Q03_R3_20260825.txt
app_tongyi,tongyi,R0028,BHYY-GEO-DX-001_tongyi_Q03_R4_20260825.jpg,Q03,Q03,matched,0.980,0.980,0.767,4,20260825,2026-08-25 14:37:00,2026:08:25 14:37:00,720,6467,JPEG,1950709,1121,1,0,1,1,raw-images/tongyi/BHYY-GEO-DX-001_tongyi_Q03_R4_20260825.jpg,derived-ocr/tongyi/BHYY-GEO-DX-001_tongyi_Q03_R4_20260825.txt
app_tongyi,tongyi,R0028,BHYY-GEO-DX-001_tongyi_Q03_R5_20260825.jpg,Q03,Q03,matched,0.980,0.980,0.767,5,20260825,2026-08-25 17:52:22,2026:08:25 17:52:23,720,5350,JPEG,1596518,942,1,0,1,1,raw-images/tongyi/BHYY-GEO-DX-001_tongyi_Q03_R5_20260825.jpg,derived-ocr/tongyi/BHYY-GEO-DX-001_tongyi_Q03_R5_20260825.txt
app_tongyi,tongyi,R0028,BHYY-GEO-DX-001_tongyi_Q04_R1_20260824.jpg,Q04,Q04,matched,1.000,1.000,0.674,1,20260824,2026-08-24 22:47:16,2026:08:24 22:47:16,720,4456,JPEG,1402604,820,1,0,1,1,raw-images/tongyi/BHYY-GEO-DX-001_tongyi_Q04_R1_20260824.jpg,derived-ocr/tongyi/BHYY-GEO-DX-001_tongyi_Q04_R1_20260824.txt
app_tongyi,tongyi,R0028,BHYY-GEO-DX-001_tongyi_Q04_R2_20260825.jpg,Q04,Q04,matched,1.000,1.000,0.674,2,20260825,2026-08-25 01:38:20,2026:08:25 01:38:19,720,5380,JPEG,1624755,930,1,0,1,1,raw-images/tongyi/BHYY-GEO-DX-001_tongyi_Q04_R2_20260825.jpg,derived-ocr/tongyi/BHYY-GEO-DX-001_tongyi_Q04_R2_20260825.txt
app_tongyi,tongyi,R0028,BHYY-GEO-DX-001_tongyi_Q04_R3_20260825.jpg,Q04,Q04,matched,1.000,1.000,0.674,3,20260825,2026-08-25 11:19:34,2026:08:25 11:19:35,720,5286,JPEG,1629044,951,1,0,1,1,raw-images/tongyi/BHYY-GEO-DX-001_tongyi_Q04_R3_20260825.jpg,derived-ocr/tongyi/BHYY-GEO-DX-001_tongyi_Q04_R3_20260825.txt
app_tongyi,tongyi,R0028,BHYY-GEO-DX-001_tongyi_Q04_R4_20260825.jpg,Q04,Q04,matched,1.000,1.000,0.674,4,20260825,2026-08-25 14:37:52,2026:08:25 14:37:52,720,5003,JPEG,1573203,943,1,0,1,1,raw-images/tongyi/BHYY-GEO-DX-001_tongyi_Q04_R4_20260825.jpg,derived-ocr/tongyi/BHYY-GEO-DX-001_tongyi_Q04_R4_20260825.txt
app_tongyi,tongyi,R0028,BHYY-GEO-DX-001_tongyi_Q04_R5_20260825.jpg,Q04,Q04,matched,1.000,1.000,0.674,5,20260825,2026-08-25 17:52:58,2026:08:25 17:52:58,720,1710,JPEG,512609,274,1,0,0,0,raw-images/tongyi/BHYY-GEO-DX-001_tongyi_Q04_R5_20260825.jpg,derived-ocr/tongyi/BHYY-GEO-DX-001_tongyi_Q04_R5_20260825.txt
app_tongyi,tongyi,R0028,BHYY-GEO-DX-001_tongyi_Q05_R1_20260824.jpg,Q05,Q05,matched,1.000,1.000,0.681,1,20260824,2026-08-24 22:47:46,2026:08:24 22:47:46,720,4974,JPEG,1507848,883,1,0,1,1,raw-images/tongyi/BHYY-GEO-DX-001_tongyi_Q05_R1_20260824.jpg,derived-ocr/tongyi/BHYY-GEO-DX-001_tongyi_Q05_R1_20260824.txt
app_tongyi,tongyi,R0028,BHYY-GEO-DX-001_tongyi_Q05_R2_20260825.jpg,Q05,Q05,matched,1.000,1.000,0.702,2,20260825,2026-08-25 01:39:18,2026:08:25 01:39:19,720,5268,JPEG,1658584,1008,1,0,1,1,raw-images/tongyi/BHYY-GEO-DX-001_tongyi_Q05_R2_20260825.jpg,derived-ocr/tongyi/BHYY-GEO-DX-001_tongyi_Q05_R2_20260825.txt
app_tongyi,tongyi,R0028,BHYY-GEO-DX-001_tongyi_Q05_R3_20260825.jpg,Q05,Q05,matched,1.000,1.000,0.681,3,20260825,2026-08-25 11:20:14,,720,3950,JPEG,960958,824,1,0,0,1,raw-images/tongyi/BHYY-GEO-DX-001_tongyi_Q05_R3_20260825.jpg,derived-ocr/tongyi/BHYY-GEO-DX-001_tongyi_Q05_R3_20260825.txt
app_tongyi,tongyi,R0028,BHYY-GEO-DX-001_tongyi_Q05_R4_20260825.jpg,Q05,Q05,matched,1.000,1.000,0.681,4,20260825,2026-08-25 14:38:38,,720,4244,JPEG,1046746,880,1,0,0,1,raw-images/tongyi/BHYY-GEO-DX-001_tongyi_Q05_R4_20260825.jpg,derived-ocr/tongyi/BHYY-GEO-DX-001_tongyi_Q05_R4_20260825.txt
app_tongyi,tongyi,R0028,BHYY-GEO-DX-001_tongyi_Q05_R5_20260825.jpg,Q05,Q05,matched,1.000,1.000,0.681,5,20260825,2026-08-25 17:53:42,2026:08:25 17:53:42,720,4676,JPEG,1449300,859,1,0,1,1,raw-images/tongyi/BHYY-GEO-DX-001_tongyi_Q05_R5_20260825.jpg,derived-ocr/tongyi/BHYY-GEO-DX-001_tongyi_Q05_R5_20260825.txt
app_tongyi,tongyi,R0028,BHYY-GEO-DX-001_tongyi_S01_R0_20260825.jpg,S01,S01,matched,0.968,0.968,0.316,0,20260825,2026-08-25 18:15:22,,720,3577,JPEG,907307,700,1,0,0,0,raw-images/tongyi/BHYY-GEO-DX-001_tongyi_S01_R0_20260825.jpg,derived-ocr/tongyi/BHYY-GEO-DX-001_tongyi_S01_R0_20260825.txt
app_tongyi,tongyi,R0028,BHYY-GEO-DX-001_tongyi_S02_R0_20260825.jpg,S02,S02,matched,0.909,0.909,0.368,0,20260825,2026-08-25 18:15:28,,720,2912,JPEG,718051,519,1,0,0,0,raw-images/tongyi/BHYY-GEO-DX-001_tongyi_S02_R0_20260825.jpg,derived-ocr/tongyi/BHYY-GEO-DX-001_tongyi_S02_R0_20260825.txt
app_tongyi,tongyi,R0028,BHYY-GEO-DX-001_tongyi_S03_R0_20260825.jpg,S03,S03,matched,0.935,0.935,0.286,0,20260825,2026-08-25 18:15:34,,720,1080,JPEG,165466,113,1,0,0,0,raw-images/tongyi/BHYY-GEO-DX-001_tongyi_S03_R0_20260825.jpg,derived-ocr/tongyi/BHYY-GEO-DX-001_tongyi_S03_R0_20260825.txt
app_tongyi,tongyi,R0028,BHYY-GEO-DX-001_tongyi_S04_R0_20260825.jpg,S04,S04,matched,0.778,0.778,0.316,0,20260825,2026-08-25 18:15:40,,720,3080,JPEG,747097,681,1,0,0,0,raw-images/tongyi/BHYY-GEO-DX-001_tongyi_S04_R0_20260825.jpg,derived-ocr/tongyi/BHYY-GEO-DX-001_tongyi_S04_R0_20260825.txt
app_yuanbao,yuanbao,R0029,BHYY-GEO-DX-001_yuanbao_B01_R0_20260825.jpg,B01,B01,matched,0.962,0.962,0.526,0,20260825,2026-08-25 18:40:48,,1206,2880,JPEG,286791,296,1,1,0,0,raw-images/yuanbao/BHYY-GEO-DX-001_yuanbao_B01_R0_20260825.jpg,derived-ocr/yuanbao/BHYY-GEO-DX-001_yuanbao_B01_R0_20260825.txt
app_yuanbao,yuanbao,R0029,BHYY-GEO-DX-001_yuanbao_B02_R0_20260825.jpg,B02,B02,matched,1.000,1.000,0.500,0,20260825,2026-08-25 18:41:14,,1206,2982,JPEG,252480,265,1,1,0,0,raw-images/yuanbao/BHYY-GEO-DX-001_yuanbao_B02_R0_20260825.jpg,derived-ocr/yuanbao/BHYY-GEO-DX-001_yuanbao_B02_R0_20260825.txt
app_yuanbao,yuanbao,R0029,BHYY-GEO-DX-001_yuanbao_B03_R0_20260825.jpg,B03,B03,matched,1.000,1.000,0.579,0,20260825,2026-08-25 18:41:42,,800,2978,JPEG,634239,502,1,1,0,0,raw-images/yuanbao/BHYY-GEO-DX-001_yuanbao_B03_R0_20260825.jpg,derived-ocr/yuanbao/BHYY-GEO-DX-001_yuanbao_B03_R0_20260825.txt
app_yuanbao,yuanbao,R0029,BHYY-GEO-DX-001_yuanbao_B04_R0_20260825.jpg,B04,B04,matched,1.000,1.000,0.526,0,20260825,2026-08-25 18:42:10,,800,5136,JPEG,1220782,926,1,1,0,0,raw-images/yuanbao/BHYY-GEO-DX-001_yuanbao_B04_R0_20260825.jpg,derived-ocr/yuanbao/BHYY-GEO-DX-001_yuanbao_B04_R0_20260825.txt
app_yuanbao,yuanbao,R0029,BHYY-GEO-DX-001_yuanbao_Q01_R1_20260824.jpg,Q01,Q05,corrected_from_visible_prompt,0.596,1.000,0.702,1,20260824,2026-08-24 22:50:46,,1206,7590,JPEG,917059,940,1,0,1,1,raw-images/yuanbao/BHYY-GEO-DX-001_yuanbao_Q01_R1_20260824.jpg,derived-ocr/yuanbao/BHYY-GEO-DX-001_yuanbao_Q01_R1_20260824.txt
app_yuanbao,yuanbao,R0029,BHYY-GEO-DX-001_yuanbao_Q01_R2_20260825.jpg,Q01,Q01,matched,0.980,0.980,0.636,2,20260825,2026-08-25 01:40:12,,1206,6555,JPEG,792877,803,1,1,1,1,raw-images/yuanbao/BHYY-GEO-DX-001_yuanbao_Q01_R2_20260825.jpg,derived-ocr/yuanbao/BHYY-GEO-DX-001_yuanbao_Q01_R2_20260825.txt
app_yuanbao,yuanbao,R0029,BHYY-GEO-DX-001_yuanbao_Q01_R3_20260825.jpg,Q01,Q01,matched,0.980,0.980,0.636,3,20260825,2026-08-25 11:21:18,,800,4862,JPEG,1178121,874,1,1,1,1,raw-images/yuanbao/BHYY-GEO-DX-001_yuanbao_Q01_R3_20260825.jpg,derived-ocr/yuanbao/BHYY-GEO-DX-001_yuanbao_Q01_R3_20260825.txt
app_yuanbao,yuanbao,R0029,BHYY-GEO-DX-001_yuanbao_Q01_R4_20260825.jpg,Q01,Q01,matched,0.980,0.980,0.636,4,20260825,2026-08-25 14:44:24,,1206,5409,JPEG,604605,606,1,0,1,1,raw-images/yuanbao/BHYY-GEO-DX-001_yuanbao_Q01_R4_20260825.jpg,derived-ocr/yuanbao/BHYY-GEO-DX-001_yuanbao_Q01_R4_20260825.txt
app_yuanbao,yuanbao,R0029,BHYY-GEO-DX-001_yuanbao_Q01_R5_20260825.jpg,Q01,Q01,matched,0.980,0.980,0.636,5,20260825,2026-08-25 17:57:28,,800,4978,JPEG,1267875,923,1,0,1,1,raw-images/yuanbao/BHYY-GEO-DX-001_yuanbao_Q01_R5_20260825.jpg,derived-ocr/yuanbao/BHYY-GEO-DX-001_yuanbao_Q01_R5_20260825.txt
app_yuanbao,yuanbao,R0029,BHYY-GEO-DX-001_yuanbao_Q02_R1_20260824.jpg,Q02,Q04,corrected_from_visible_prompt,0.569,1.000,0.674,1,20260824,2026-08-24 22:50:32,,1206,8136,JPEG,1034645,1082,1,0,1,1,raw-images/yuanbao/BHYY-GEO-DX-001_yuanbao_Q02_R1_20260824.jpg,derived-ocr/yuanbao/BHYY-GEO-DX-001_yuanbao_Q02_R1_20260824.txt
app_yuanbao,yuanbao,R0029,BHYY-GEO-DX-001_yuanbao_Q02_R2_20260825.jpg,Q02,Q02,matched,0.982,0.982,0.660,2,20260825,2026-08-25 01:40:48,,800,6242,JPEG,1338765,965,1,1,1,0,raw-images/yuanbao/BHYY-GEO-DX-001_yuanbao_Q02_R2_20260825.jpg,derived-ocr/yuanbao/BHYY-GEO-DX-001_yuanbao_Q02_R2_20260825.txt
app_yuanbao,yuanbao,R0029,BHYY-GEO-DX-001_yuanbao_Q02_R3_20260825.jpg,Q02,Q02,matched,0.982,0.982,0.660,3,20260825,2026-08-25 11:22:06,,1206,8904,JPEG,1076854,1068,1,0,1,1,raw-images/yuanbao/BHYY-GEO-DX-001_yuanbao_Q02_R3_20260825.jpg,derived-ocr/yuanbao/BHYY-GEO-DX-001_yuanbao_Q02_R3_20260825.txt
app_yuanbao,yuanbao,R0029,BHYY-GEO-DX-001_yuanbao_Q02_R4_20260825.jpg,Q02,Q02,matched,0.982,0.982,0.660,4,20260825,2026-08-25 14:44:56,,800,6424,JPEG,1429965,1024,1,0,1,1,raw-images/yuanbao/BHYY-GEO-DX-001_yuanbao_Q02_R4_20260825.jpg,derived-ocr/yuanbao/BHYY-GEO-DX-001_yuanbao_Q02_R4_20260825.txt
app_yuanbao,yuanbao,R0029,BHYY-GEO-DX-001_yuanbao_Q02_R5_20260825.jpg,Q02,Q02,matched,0.982,0.982,0.660,5,20260825,2026-08-25 17:58:00,,800,7204,JPEG,1750466,1282,1,1,1,1,raw-images/yuanbao/BHYY-GEO-DX-001_yuanbao_Q02_R5_20260825.jpg,derived-ocr/yuanbao/BHYY-GEO-DX-001_yuanbao_Q02_R5_20260825.txt
app_yuanbao,yuanbao,R0029,BHYY-GEO-DX-001_yuanbao_Q03_R1_20260824.jpg,Q03,Q03,matched,0.980,0.980,0.767,1,20260824,2026-08-24 22:50:20,,1206,8712,JPEG,1027018,1050,1,1,1,1,raw-images/yuanbao/BHYY-GEO-DX-001_yuanbao_Q03_R1_20260824.jpg,derived-ocr/yuanbao/BHYY-GEO-DX-001_yuanbao_Q03_R1_20260824.txt
app_yuanbao,yuanbao,R0029,BHYY-GEO-DX-001_yuanbao_Q03_R2_20260825.jpg,Q03,Q03,matched,0.961,0.961,0.767,2,20260825,2026-08-25 01:41:18,,800,5164,JPEG,1156536,863,1,0,1,1,raw-images/yuanbao/BHYY-GEO-DX-001_yuanbao_Q03_R2_20260825.jpg,derived-ocr/yuanbao/BHYY-GEO-DX-001_yuanbao_Q03_R2_20260825.txt
app_yuanbao,yuanbao,R0029,BHYY-GEO-DX-001_yuanbao_Q03_R3_20260825.jpg,Q03,Q03,matched,0.961,0.961,0.767,3,20260825,2026-08-25 11:22:40,,800,4734,JPEG,1048379,763,1,0,1,1,raw-images/yuanbao/BHYY-GEO-DX-001_yuanbao_Q03_R3_20260825.jpg,derived-ocr/yuanbao/BHYY-GEO-DX-001_yuanbao_Q03_R3_20260825.txt
app_yuanbao,yuanbao,R0029,BHYY-GEO-DX-001_yuanbao_Q03_R4_20260825.jpg,Q03,Q03,matched,0.961,0.961,0.767,4,20260825,2026-08-25 14:45:30,,800,6146,JPEG,1406961,1019,1,0,1,1,raw-images/yuanbao/BHYY-GEO-DX-001_yuanbao_Q03_R4_20260825.jpg,derived-ocr/yuanbao/BHYY-GEO-DX-001_yuanbao_Q03_R4_20260825.txt
app_yuanbao,yuanbao,R0029,BHYY-GEO-DX-001_yuanbao_Q03_R5_20260825.jpg,Q03,Q03,matched,0.961,0.961,0.767,5,20260825,2026-08-25 17:58:32,,800,5690,JPEG,1280132,940,1,0,1,1,raw-images/yuanbao/BHYY-GEO-DX-001_yuanbao_Q03_R5_20260825.jpg,derived-ocr/yuanbao/BHYY-GEO-DX-001_yuanbao_Q03_R5_20260825.txt
app_yuanbao,yuanbao,R0029,BHYY-GEO-DX-001_yuanbao_Q04_R1_20260824.jpg,Q04,Q02,corrected_from_visible_prompt,0.564,0.982,0.660,1,20260824,2026-08-24 22:49:58,,1206,9555,JPEG,1185061,1181,1,0,1,1,raw-images/yuanbao/BHYY-GEO-DX-001_yuanbao_Q04_R1_20260824.jpg,derived-ocr/yuanbao/BHYY-GEO-DX-001_yuanbao_Q04_R1_20260824.txt
app_yuanbao,yuanbao,R0029,BHYY-GEO-DX-001_yuanbao_Q04_R2_20260825.jpg,Q04,Q04,matched,1.000,1.000,0.674,2,20260825,2026-08-25 01:41:54,,1206,9375,JPEG,1188054,1283,1,0,1,1,raw-images/yuanbao/BHYY-GEO-DX-001_yuanbao_Q04_R2_20260825.jpg,derived-ocr/yuanbao/BHYY-GEO-DX-001_yuanbao_Q04_R2_20260825.txt
app_yuanbao,yuanbao,R0029,BHYY-GEO-DX-001_yuanbao_Q04_R3_20260825.jpg,Q04,Q04,matched,1.000,1.000,0.674,3,20260825,2026-08-25 11:23:20,,800,6240,JPEG,1493780,1119,1,0,1,1,raw-images/yuanbao/BHYY-GEO-DX-001_yuanbao_Q04_R3_20260825.jpg,derived-ocr/yuanbao/BHYY-GEO-DX-001_yuanbao_Q04_R3_20260825.txt
app_yuanbao,yuanbao,R0029,BHYY-GEO-DX-001_yuanbao_Q04_R4_20260825.jpg,Q04,Q04,matched,1.000,1.000,0.674,4,20260825,2026-08-25 14:46:20,,800,5716,JPEG,1314532,981,1,0,1,1,raw-images/yuanbao/BHYY-GEO-DX-001_yuanbao_Q04_R4_20260825.jpg,derived-ocr/yuanbao/BHYY-GEO-DX-001_yuanbao_Q04_R4_20260825.txt
app_yuanbao,yuanbao,R0029,BHYY-GEO-DX-001_yuanbao_Q04_R5_20260825.jpg,Q04,Q04,matched,1.000,1.000,0.674,5,20260825,2026-08-25 17:59:00,,800,6942,JPEG,1704300,1253,1,0,1,1,raw-images/yuanbao/BHYY-GEO-DX-001_yuanbao_Q04_R5_20260825.jpg,derived-ocr/yuanbao/BHYY-GEO-DX-001_yuanbao_Q04_R5_20260825.txt
app_yuanbao,yuanbao,R0029,BHYY-GEO-DX-001_yuanbao_Q05_R1_20260824.jpg,Q05,Q01,corrected_from_visible_prompt,0.574,0.980,0.636,1,20260824,2026-08-24 22:49:40,,1206,6879,JPEG,823696,854,1,1,1,1,raw-images/yuanbao/BHYY-GEO-DX-001_yuanbao_Q05_R1_20260824.jpg,derived-ocr/yuanbao/BHYY-GEO-DX-001_yuanbao_Q05_R1_20260824.txt
app_yuanbao,yuanbao,R0029,BHYY-GEO-DX-001_yuanbao_Q05_R2_20260825.jpg,Q05,Q05,matched,1.000,1.000,0.702,2,20260825,2026-08-25 01:42:44,,800,5546,JPEG,1338846,1018,1,0,1,1,raw-images/yuanbao/BHYY-GEO-DX-001_yuanbao_Q05_R2_20260825.jpg,derived-ocr/yuanbao/BHYY-GEO-DX-001_yuanbao_Q05_R2_20260825.txt
app_yuanbao,yuanbao,R0029,BHYY-GEO-DX-001_yuanbao_Q05_R3_20260825.jpg,Q05,Q05,matched,1.000,1.000,0.702,3,20260825,2026-08-25 11:24:00,,800,4716,JPEG,1028859,736,1,0,1,1,raw-images/yuanbao/BHYY-GEO-DX-001_yuanbao_Q05_R3_20260825.jpg,derived-ocr/yuanbao/BHYY-GEO-DX-001_yuanbao_Q05_R3_20260825.txt
app_yuanbao,yuanbao,R0029,BHYY-GEO-DX-001_yuanbao_Q05_R4_20260825.jpg,Q05,Q05,matched,1.000,1.000,0.702,4,20260825,2026-08-25 14:46:50,,800,5486,JPEG,1346379,992,1,0,1,1,raw-images/yuanbao/BHYY-GEO-DX-001_yuanbao_Q05_R4_20260825.jpg,derived-ocr/yuanbao/BHYY-GEO-DX-001_yuanbao_Q05_R4_20260825.txt
app_yuanbao,yuanbao,R0029,BHYY-GEO-DX-001_yuanbao_Q05_R5_20260825.jpg,Q05,Q05,matched,1.000,1.000,0.702,5,20260825,2026-08-25 17:59:26,,800,5294,JPEG,1232794,915,1,0,1,1,raw-images/yuanbao/BHYY-GEO-DX-001_yuanbao_Q05_R5_20260825.jpg,derived-ocr/yuanbao/BHYY-GEO-DX-001_yuanbao_Q05_R5_20260825.txt
app_yuanbao,yuanbao,R0029,BHYY-GEO-DX-001_yuanbao_S01_R0_20260825.jpg,S01,S01,matched,0.968,0.968,0.278,0,20260825,2026-08-25 18:24:46,,1206,5823,JPEG,749475,768,1,0,0,0,raw-images/yuanbao/BHYY-GEO-DX-001_yuanbao_S01_R0_20260825.jpg,derived-ocr/yuanbao/BHYY-GEO-DX-001_yuanbao_S01_R0_20260825.txt
app_yuanbao,yuanbao,R0029,BHYY-GEO-DX-001_yuanbao_S02_R0_20260825.jpg,S02,S02,matched,0.909,0.909,0.368,0,20260825,2026-08-25 18:25:26,,800,2946,JPEG,565380,430,1,0,0,0,raw-images/yuanbao/BHYY-GEO-DX-001_yuanbao_S02_R0_20260825.jpg,derived-ocr/yuanbao/BHYY-GEO-DX-001_yuanbao_S02_R0_20260825.txt
app_yuanbao,yuanbao,R0029,BHYY-GEO-DX-001_yuanbao_S03_R0_20260825.jpg,S03,S03,matched,0.935,0.935,0.316,0,20260825,2026-08-25 18:26:28,,800,1021,JPEG,156648,111,1,0,0,0,raw-images/yuanbao/BHYY-GEO-DX-001_yuanbao_S03_R0_20260825.jpg,derived-ocr/yuanbao/BHYY-GEO-DX-001_yuanbao_S03_R0_20260825.txt
app_yuanbao,yuanbao,R0029,BHYY-GEO-DX-001_yuanbao_S04_R0_20260825.jpg,S04,S04,matched,1.000,1.000,0.318,0,20260825,2026-08-25 18:27:00,,1206,5187,JPEG,558816,588,1,0,0,0,raw-images/yuanbao/BHYY-GEO-DX-001_yuanbao_S04_R0_20260825.jpg,derived-ocr/yuanbao/BHYY-GEO-DX-001_yuanbao_S04_R0_20260825.txt
